INSERT INTO portfolio_details (id,email,password,username) VALUES(1, 'admin1@gmail.com', 'password','admin1');
INSERT INTO portfolio_details (id,email,password,username) VALUES(2, 'admin2@gmail.com', 'password','admin2');
INSERT INTO portfolio_details (id,email,password,username) VALUES(3, 'srujan@gmail.com', 'password','srujan');
INSERT INTO portfolio_details (id,email,password,username) VALUES(4, 'vaibhav@gmail.com', 'password','vaibhav');
INSERT INTO portfolio_details (id,email,password,username) VALUES(5, 'rithik@gmail.com', 'password','rithik');
INSERT INTO portfolio_details (id,email,password,username) VALUES(6, 'shashank@gmail.com', 'password','shashank');

INSERT INTO stock_details (id, count , stock_id, portfolio_details_id) VALUES(1,3,1,1);
INSERT INTO stock_details (id, count , stock_id, portfolio_details_id) VALUES(2,3,2,1);
INSERT INTO stock_details (id, count , stock_id, portfolio_details_id) VALUES(3,4,4,1);
INSERT INTO stock_details (id, count , stock_id, portfolio_details_id) VALUES(4,5,5,1);

INSERT INTO stock_details (id, count , stock_id, portfolio_details_id) VALUES(6,3,1,2);
INSERT INTO stock_details (id, count , stock_id, portfolio_details_id) VALUES(7,3,2,2);
INSERT INTO stock_details (id, count , stock_id, portfolio_details_id) VALUES(8,4,4,2);
INSERT INTO stock_details (id, count , stock_id, portfolio_details_id) VALUES(9,5,5,2);

INSERT INTO stock_details (id, count , stock_id, portfolio_details_id) VALUES(10,3,1,3);
INSERT INTO stock_details (id, count , stock_id, portfolio_details_id) VALUES(12,3,2,3);
INSERT INTO stock_details (id, count , stock_id, portfolio_details_id) VALUES(11,4,4,3);
INSERT INTO stock_details (id, count , stock_id, portfolio_details_id) VALUES(13,5,5,3);

INSERT INTO stock_details (id, count , stock_id, portfolio_details_id) VALUES(14,3,1,4);
INSERT INTO stock_details (id, count , stock_id, portfolio_details_id) VALUES(15,3,2,4);
INSERT INTO stock_details (id, count , stock_id, portfolio_details_id) VALUES(16,4,4,4);
INSERT INTO stock_details (id, count , stock_id, portfolio_details_id) VALUES(17,5,5,4);

INSERT INTO stock_details (id, count , stock_id, portfolio_details_id) VALUES(18,3,1,5);
INSERT INTO stock_details (id, count , stock_id, portfolio_details_id) VALUES(19,3,2,5);
INSERT INTO stock_details (id, count , stock_id, portfolio_details_id) VALUES(20,4,4,5);
INSERT INTO stock_details (id, count , stock_id, portfolio_details_id) VALUES(21,5,5,5);

INSERT INTO stock_details (id, count , stock_id, portfolio_details_id) VALUES(22,3,1,6);
INSERT INTO stock_details (id, count , stock_id, portfolio_details_id) VALUES(23,3,2,6);
INSERT INTO stock_details (id, count , stock_id, portfolio_details_id) VALUES(24,4,4,6);
INSERT INTO stock_details (id, count , stock_id, portfolio_details_id) VALUES(25,5,5,6);

 INSERT INTO MUTUAL_FUND_DETAILS  (id, count ,MUTUAL_FUND_ID , portfolio_details_id) VALUES(1,3,1,1);
 INSERT INTO MUTUAL_FUND_DETAILS (id, count , MUTUAL_FUND_ID , portfolio_details_id) VALUES(2,3,2,1);
 INSERT INTO MUTUAL_FUND_DETAILS  (id, count ,MUTUAL_FUND_ID , portfolio_details_id) VALUES(3,3,1,1);
 
 INSERT INTO MUTUAL_FUND_DETAILS (id, count , MUTUAL_FUND_ID , portfolio_details_id) VALUES(4,3,2,2);
 INSERT INTO MUTUAL_FUND_DETAILS  (id, count ,MUTUAL_FUND_ID , portfolio_details_id) VALUES(5,3,1,3);
 INSERT INTO MUTUAL_FUND_DETAILS (id, count , MUTUAL_FUND_ID , portfolio_details_id) VALUES(6,3,2,4);
INSERT INTO MUTUAL_FUND_DETAILS (id, count , MUTUAL_FUND_ID , portfolio_details_id) VALUES(7,3,2,5);
 INSERT INTO MUTUAL_FUND_DETAILS  (id, count ,MUTUAL_FUND_ID , portfolio_details_id) VALUES(8,3,1,6);